accuracy,micro_avg_precision,micro_avg_recall,micro_avg_f1,macro_avg_precision,macro_avg_recall,macro_avg_f1,iteration,fold,data_type
0.9239583333333332,0.9239583333333332,0.9239583333333332,0.9239583333333332,0.9301610100269072,0.9239583333333332,0.924525661245046,1,1,train
0.8883333333333333,0.8883333333333333,0.8883333333333333,0.8883333333333333,0.8974508889063383,0.8883333333333333,0.8891419739735932,1,1,val
0.884,0.884,0.884,0.884,0.892067694239182,0.884,0.8849246324923516,1,1,test
0.8902083333333334,0.8902083333333334,0.8902083333333334,0.8902083333333334,0.8967328522939211,0.8902083333333334,0.8869553358362996,1,2,train
0.8683333333333333,0.8683333333333333,0.8683333333333333,0.8683333333333333,0.8763066439104762,0.8683333333333334,0.8648554697850754,1,2,val
0.858,0.858,0.858,0.858,0.8665830011801072,0.858,0.8539645173325521,1,2,test
0.3585416666666666,0.3585416666666666,0.3585416666666666,0.3585416666666666,0.6397684342877343,0.3585416666666666,0.3198729463482143,1,3,train
0.365,0.365,0.365,0.365,0.6733151249064053,0.365,0.3287345568426755,1,3,val
0.36,0.36,0.36,0.36,0.6513156644316562,0.36,0.3174985951316243,1,3,test
0.8908333333333334,0.8908333333333334,0.8908333333333334,0.8908333333333334,0.8977626884641076,0.8908333333333334,0.8900741343973675,1,4,train
0.86,0.86,0.86,0.86,0.8745677435063903,0.86,0.8589142417243482,1,4,val
0.8506666666666667,0.8506666666666667,0.8506666666666667,0.8506666666666667,0.861092660976065,0.8506666666666668,0.8504486700494158,1,4,test
0.88625,0.88625,0.88625,0.88625,0.904404733558944,0.8862499999999999,0.8865708668712973,1,5,train
0.8533333333333334,0.8533333333333334,0.8533333333333334,0.8533333333333334,0.8784565289756303,0.8533333333333333,0.8541737209970203,1,5,val
0.856,0.856,0.856,0.856,0.8756225305011454,0.8559999999999999,0.8560544680112881,1,5,test
0.7733333333333333,0.7733333333333333,0.7733333333333333,0.7733333333333333,0.8063525218952277,0.7733333333333334,0.7679796278752347,2,1,train
0.7433333333333333,0.7433333333333333,0.7433333333333333,0.7433333333333333,0.7802851861310823,0.7433333333333334,0.7367699256679844,2,1,val
0.746,0.746,0.746,0.746,0.7867337015926252,0.7460000000000001,0.7418865097619818,2,1,test
0.9164583333333334,0.9164583333333334,0.9164583333333334,0.9164583333333334,0.9293953931796712,0.9164583333333336,0.9168275960056734,2,2,train
0.8825,0.8825,0.8825,0.8825,0.9013777170717852,0.8825,0.8826138031686861,2,2,val
0.8906666666666667,0.8906666666666667,0.8906666666666667,0.8906666666666667,0.9105256857092036,0.8906666666666666,0.892187035181764,2,2,test
0.9516666666666668,0.9516666666666668,0.9516666666666668,0.9516666666666668,0.9561608244261256,0.9516666666666668,0.9516131632262936,2,3,train
0.9266666666666666,0.9266666666666666,0.9266666666666666,0.9266666666666666,0.9309252084820276,0.9266666666666664,0.9263190286685002,2,3,val
0.9053333333333332,0.9053333333333332,0.9053333333333332,0.9053333333333332,0.91572336200619,0.9053333333333334,0.9047375253787444,2,3,test
0.9652083333333332,0.9652083333333332,0.9652083333333332,0.9652083333333332,0.9659387525397858,0.9652083333333332,0.9649981122557344,2,4,train
0.9375,0.9375,0.9375,0.9375,0.9385517584390378,0.9375,0.9372237462986586,2,4,val
0.9433333333333334,0.9433333333333334,0.9433333333333334,0.9433333333333334,0.9453239101804424,0.9433333333333334,0.9428024855132954,2,4,test
0.4085416666666667,0.4085416666666667,0.4085416666666667,0.4085416666666667,0.6138199327207206,0.4085416666666666,0.4116164798205132,2,5,train
0.4058333333333333,0.4058333333333333,0.4058333333333333,0.4058333333333333,0.5843594834736863,0.4058333333333334,0.3954317188400474,2,5,val
0.3746666666666666,0.3746666666666666,0.3746666666666666,0.3746666666666666,0.5769037050792366,0.3746666666666666,0.3699959421102578,2,5,test
0.8522916666666667,0.8522916666666667,0.8522916666666667,0.8522916666666667,0.854859730409707,0.8522916666666667,0.8511706155565936,3,1,train
0.835,0.835,0.835,0.835,0.8355315201435607,0.835,0.8333341333834003,3,1,val
0.8226666666666667,0.8226666666666667,0.8226666666666667,0.8226666666666667,0.824852533274469,0.8226666666666667,0.8214372168934737,3,1,test
0.9308333333333332,0.9308333333333332,0.9308333333333332,0.9308333333333332,0.9390683479631536,0.9308333333333334,0.9296848240693244,3,2,train
0.8933333333333333,0.8933333333333333,0.8933333333333333,0.8933333333333333,0.9004857656480929,0.8933333333333333,0.8900876172214245,3,2,val
0.896,0.896,0.896,0.896,0.903757034625296,0.8959999999999999,0.8951487527785359,3,2,test
0.684375,0.684375,0.684375,0.684375,0.7423074361961411,0.684375,0.6728456395715079,3,3,train
0.7083333333333334,0.7083333333333334,0.7083333333333334,0.7083333333333334,0.7600407058051413,0.7083333333333334,0.7006052137959423,3,3,val
0.69,0.69,0.69,0.69,0.7421101177810849,0.69,0.6781348372018824,3,3,test
0.8545833333333334,0.8545833333333334,0.8545833333333334,0.8545833333333334,0.8671636277103169,0.8545833333333333,0.8518704018790272,3,4,train
0.8325,0.8325,0.8325,0.8325,0.8473427115685075,0.8324999999999999,0.8285092187020432,3,4,val
0.8313333333333334,0.8313333333333334,0.8313333333333334,0.8313333333333334,0.846779586822487,0.8313333333333333,0.8281364612514801,3,4,test
0.9208333333333332,0.9208333333333332,0.9208333333333332,0.9208333333333332,0.9299896825099282,0.9208333333333332,0.921702813427926,3,5,train
0.895,0.895,0.895,0.895,0.9070000404937746,0.8949999999999999,0.8954629902198157,3,5,val
0.882,0.882,0.882,0.882,0.8924323028627317,0.882,0.8822372514228652,3,5,test
0.8222916666666666,0.8222916666666666,0.8222916666666666,0.8222916666666666,0.8474235864260296,0.8222916666666666,0.8134087461391083,4,1,train
0.7733333333333333,0.7733333333333333,0.7733333333333333,0.7733333333333333,0.7973989333294568,0.7733333333333334,0.7626725489445427,4,1,val
0.7686666666666667,0.7686666666666667,0.7686666666666667,0.7686666666666667,0.7975821776552632,0.7686666666666667,0.7559773039913624,4,1,test
0.8797916666666666,0.8797916666666666,0.8797916666666666,0.8797916666666666,0.8998368784435964,0.8797916666666665,0.8792560898663877,4,2,train
0.85,0.85,0.85,0.85,0.8736783318067911,0.85,0.8507374184390987,4,2,val
0.844,0.844,0.844,0.844,0.8716654912735597,0.844,0.8432538761733115,4,2,test
0.9272916666666666,0.9272916666666666,0.9272916666666666,0.9272916666666666,0.9310661562286988,0.9272916666666668,0.9276485889557172,4,3,train
0.8925,0.8925,0.8925,0.8925,0.9008121402278922,0.8925000000000001,0.8931088338883642,4,3,val
0.8986666666666666,0.8986666666666666,0.8986666666666666,0.8986666666666666,0.9047629952189328,0.8986666666666666,0.8990599202185781,4,3,test
0.9085416666666668,0.9085416666666668,0.9085416666666668,0.9085416666666668,0.914483635912623,0.9085416666666668,0.9087360036762482,4,4,train
0.865,0.865,0.865,0.865,0.8736571121705208,0.865,0.865640985707023,4,4,val
0.8766666666666667,0.8766666666666667,0.8766666666666667,0.8766666666666667,0.8860761969298817,0.8766666666666667,0.877940717702127,4,4,test
0.7558333333333334,0.7558333333333334,0.7558333333333334,0.7558333333333334,0.8140918512714623,0.7558333333333334,0.7602368382513028,4,5,train
0.7358333333333333,0.7358333333333333,0.7358333333333333,0.7358333333333333,0.8030884855096225,0.7358333333333333,0.7413665149333404,4,5,val
0.7353333333333333,0.7353333333333333,0.7353333333333333,0.7353333333333333,0.7962032928553692,0.7353333333333334,0.7402388636915788,4,5,test
0.874375,0.874375,0.874375,0.874375,0.8944603416177761,0.874375,0.8785145531021495,5,1,train
0.8416666666666667,0.8416666666666667,0.8416666666666667,0.8416666666666667,0.8606839494966385,0.8416666666666666,0.845402732048117,5,1,val
0.8333333333333334,0.8333333333333334,0.8333333333333334,0.8333333333333334,0.8621456928859083,0.8333333333333334,0.839502637102156,5,1,test
0.4247916666666667,0.4247916666666667,0.4247916666666667,0.4247916666666667,0.5752620681985996,0.4247916666666667,0.4216490622774818,5,2,train
0.4008333333333333,0.4008333333333333,0.4008333333333333,0.4008333333333333,0.5501106859390343,0.4008333333333334,0.392854428413922,5,2,val
0.406,0.406,0.406,0.406,0.5538092262085108,0.406,0.3990186519036089,5,2,test
0.931875,0.931875,0.931875,0.931875,0.9463470467333944,0.931875,0.9322191121118546,5,3,train
0.89,0.89,0.89,0.89,0.9149589357942388,0.89,0.8898604244498083,5,3,val
0.902,0.902,0.902,0.902,0.9239363425578724,0.902,0.9026224460715528,5,3,test
0.8725,0.8725,0.8725,0.8725,0.8725012128499664,0.8724999999999999,0.8720055471419667,5,4,train
0.8541666666666666,0.8541666666666666,0.8541666666666666,0.8541666666666666,0.8539677677964844,0.8541666666666667,0.8537218852603778,5,4,val
0.854,0.854,0.854,0.854,0.8544489974358347,0.8540000000000001,0.8538487754300889,5,4,test
0.804375,0.804375,0.804375,0.804375,0.8492002703985426,0.804375,0.8100845398340839,5,5,train
0.7866666666666666,0.7866666666666666,0.7866666666666666,0.7866666666666666,0.8292273188387064,0.7866666666666666,0.7915282399174134,5,5,val
0.788,0.788,0.788,0.788,0.8408932818423116,0.7879999999999999,0.7949761331128327,5,5,test
0.9327083333333334,0.9327083333333334,0.9327083333333334,0.9327083333333334,0.9377126429552682,0.9327083333333333,0.9317267412648198,6,1,train
0.9066666666666666,0.9066666666666666,0.9066666666666666,0.9066666666666666,0.9158338580688238,0.9066666666666666,0.9058080958701168,6,1,val
0.9066666666666666,0.9066666666666666,0.9066666666666666,0.9066666666666666,0.9154386040177684,0.9066666666666666,0.905279878929032,6,1,test
0.85,0.85,0.85,0.85,0.8844229063964024,0.85,0.848016322533692,6,2,train
0.8266666666666667,0.8266666666666667,0.8266666666666667,0.8266666666666667,0.8708198541272456,0.8266666666666665,0.8245615760629808,6,2,val
0.8146666666666667,0.8146666666666667,0.8146666666666667,0.8146666666666667,0.8578976996583421,0.8146666666666667,0.8117509398770075,6,2,test
0.351875,0.351875,0.351875,0.351875,0.6027682434247119,0.351875,0.3078735175423471,6,3,train
0.3575,0.3575,0.3575,0.3575,0.6057429522547623,0.3575,0.3051488349438151,6,3,val
0.362,0.362,0.362,0.362,0.6198327261558708,0.362,0.3203193991838761,6,3,test
0.715,0.715,0.715,0.715,0.8058426378847348,0.7150000000000001,0.7235885995119602,6,4,train
0.6991666666666667,0.6991666666666667,0.6991666666666667,0.6991666666666667,0.7963324667637737,0.6991666666666666,0.7074491517355752,6,4,val
0.6966666666666667,0.6966666666666667,0.6966666666666667,0.6966666666666667,0.7926486572561496,0.6966666666666667,0.7022640567675649,6,4,test
0.9670833333333332,0.9670833333333332,0.9670833333333332,0.9670833333333332,0.9682484733323854,0.9670833333333334,0.9670688155933236,6,5,train
0.9333333333333332,0.9333333333333332,0.9333333333333332,0.9333333333333332,0.93611293800349,0.9333333333333332,0.9331294802565284,6,5,val
0.9413333333333334,0.9413333333333334,0.9413333333333334,0.9413333333333334,0.9431229759305692,0.9413333333333334,0.9412621974741664,6,5,test
0.7510416666666667,0.7510416666666667,0.7510416666666667,0.7510416666666667,0.8007851154791099,0.7510416666666666,0.752242880427715,7,1,train
0.7358333333333333,0.7358333333333333,0.7358333333333333,0.7358333333333333,0.7822692487234046,0.7358333333333333,0.7363700214168003,7,1,val
0.73,0.73,0.73,0.73,0.7815128521182547,0.7300000000000001,0.7297291679749348,7,1,test
0.9183333333333332,0.9183333333333332,0.9183333333333332,0.9183333333333332,0.9211758573059582,0.9183333333333332,0.918433749861212,7,2,train
0.9108333333333334,0.9108333333333334,0.9108333333333334,0.9108333333333334,0.9130412660952936,0.9108333333333332,0.9106341548498628,7,2,val
0.902,0.902,0.902,0.902,0.904791070822604,0.902,0.9019684617112144,7,2,test
0.2025,0.2025,0.2025,0.2025,0.4401086275329016,0.2024999999999999,0.0717651139914511,7,3,train
0.2033333333333333,0.2033333333333333,0.2033333333333333,0.2033333333333333,0.240133779264214,0.2033333333333333,0.0734097447372026,7,3,val
0.2013333333333333,0.2013333333333333,0.2013333333333333,0.2013333333333333,0.2400801603206412,0.2013333333333333,0.0694269698946367,7,3,test
0.7635416666666667,0.7635416666666667,0.7635416666666667,0.7635416666666667,0.7714433386135153,0.7635416666666667,0.7601200074912134,7,4,train
0.7333333333333333,0.7333333333333333,0.7333333333333333,0.7333333333333333,0.7427938699609525,0.7333333333333333,0.7293037492315277,7,4,val
0.7626666666666667,0.7626666666666667,0.7626666666666667,0.7626666666666667,0.7739589895261215,0.7626666666666667,0.76084177437644,7,4,test
0.6510416666666666,0.6510416666666666,0.6510416666666666,0.6510416666666666,0.8038677138414206,0.6510416666666667,0.6477754113928059,7,5,train
0.6525,0.6525,0.6525,0.6525,0.8016756812530644,0.6525,0.6429071067124352,7,5,val
0.6153333333333333,0.6153333333333333,0.6153333333333333,0.6153333333333333,0.7722558462473982,0.6153333333333334,0.6068958329823811,7,5,test
0.88,0.88,0.88,0.88,0.8991736052905438,0.8800000000000001,0.8783078214932292,8,1,train
0.8733333333333333,0.8733333333333333,0.8733333333333333,0.8733333333333333,0.8928886668870722,0.8733333333333333,0.8696543298573823,8,1,val
0.852,0.852,0.852,0.852,0.8747854865500452,0.852,0.8494943203690457,8,1,test
0.9135416666666668,0.9135416666666668,0.9135416666666668,0.9135416666666668,0.9264008021025044,0.9135416666666668,0.913815896568208,8,2,train
0.9025,0.9025,0.9025,0.9025,0.915206479625352,0.9025,0.9024525881683704,8,2,val
0.8773333333333333,0.8773333333333333,0.8773333333333333,0.8773333333333333,0.8959940231737491,0.8773333333333333,0.8779952008450765,8,2,test
0.8127083333333334,0.8127083333333334,0.8127083333333334,0.8127083333333334,0.8545990288490672,0.8127083333333334,0.8163262423472208,8,3,train
0.8041666666666667,0.8041666666666667,0.8041666666666667,0.8041666666666667,0.8411640753133998,0.8041666666666668,0.8070246254350331,8,3,val
0.792,0.792,0.792,0.792,0.8327227122334561,0.792,0.7949283809806412,8,3,test
0.4739583333333333,0.4739583333333333,0.4739583333333333,0.4739583333333333,0.3969082307592266,0.4739583333333333,0.397179920285082,8,4,train
0.4808333333333333,0.4808333333333333,0.4808333333333333,0.4808333333333333,0.4181409715936251,0.4808333333333333,0.4097112340314746,8,4,val
0.472,0.472,0.472,0.472,0.3879470879165093,0.472,0.3906556595360251,8,4,test
0.8445833333333334,0.8445833333333334,0.8445833333333334,0.8445833333333334,0.8852196517308654,0.8445833333333332,0.8408203991657723,8,5,train
0.8033333333333333,0.8033333333333333,0.8033333333333333,0.8033333333333333,0.8534864665001869,0.8033333333333333,0.7976829489762478,8,5,val
0.8066666666666666,0.8066666666666666,0.8066666666666666,0.8066666666666666,0.8589094741815755,0.8066666666666666,0.8027502083127773,8,5,test
0.9145833333333332,0.9145833333333332,0.9145833333333332,0.9145833333333332,0.9242648192873448,0.9145833333333332,0.9135863654336092,9,1,train
0.8825,0.8825,0.8825,0.8825,0.8988110452739498,0.8825000000000001,0.8801441861363963,9,1,val
0.8633333333333333,0.8633333333333333,0.8633333333333333,0.8633333333333333,0.8839223297465774,0.8633333333333333,0.8605608962090556,9,1,test
0.9429166666666666,0.9429166666666666,0.9429166666666666,0.9429166666666666,0.9472119262498724,0.9429166666666668,0.9431877592908692,9,2,train
0.905,0.905,0.905,0.905,0.91447468046738,0.905,0.9055421853130784,9,2,val
0.9086666666666666,0.9086666666666666,0.9086666666666666,0.9086666666666666,0.9183277408898064,0.9086666666666666,0.909223656124478,9,2,test
0.793125,0.793125,0.793125,0.793125,0.8015227568872397,0.7931250000000001,0.7898816927187218,9,3,train
0.7633333333333333,0.7633333333333333,0.7633333333333333,0.7633333333333333,0.7752407992033998,0.7633333333333333,0.7610875614879432,9,3,val
0.766,0.766,0.766,0.766,0.777450121248882,0.766,0.7646934945520881,9,3,test
0.8710416666666667,0.8710416666666667,0.8710416666666667,0.8710416666666667,0.8759593654909429,0.8710416666666667,0.8701039874631554,9,4,train
0.85,0.85,0.85,0.85,0.8551059655990219,0.85,0.8490695293005686,9,4,val
0.8613333333333333,0.8613333333333333,0.8613333333333333,0.8613333333333333,0.8666386701010531,0.8613333333333333,0.8608909222374056,9,4,test
0.8866666666666667,0.8866666666666667,0.8866666666666667,0.8866666666666667,0.9035767027404368,0.8866666666666667,0.8868860487193,9,5,train
0.8566666666666667,0.8566666666666667,0.8566666666666667,0.8566666666666667,0.8813407215904233,0.8566666666666667,0.8580356255936404,9,5,val
0.8506666666666667,0.8506666666666667,0.8506666666666667,0.8506666666666667,0.8734879523398303,0.8506666666666668,0.8511726515766471,9,5,test
0.82,0.82,0.82,0.82,0.8530469515297131,0.82,0.8181147023313962,10,1,train
0.8075,0.8075,0.8075,0.8075,0.840049149754471,0.8075000000000001,0.8031207709322811,10,1,val
0.808,0.808,0.808,0.808,0.8433793901949235,0.808,0.8057821979011045,10,1,test
0.9204166666666668,0.9204166666666668,0.9204166666666668,0.9204166666666668,0.9238547119346108,0.9204166666666664,0.9191805523033544,10,2,train
0.9058333333333334,0.9058333333333334,0.9058333333333334,0.9058333333333334,0.9090435415245728,0.9058333333333334,0.905246036252308,10,2,val
0.8873333333333333,0.8873333333333333,0.8873333333333333,0.8873333333333333,0.892286843826699,0.8873333333333335,0.8858847602671309,10,2,test
0.4564583333333333,0.4564583333333333,0.4564583333333333,0.4564583333333333,0.720593802725918,0.4564583333333333,0.4629207446900404,10,3,train
0.4483333333333333,0.4483333333333333,0.4483333333333333,0.4483333333333333,0.7250052548478124,0.4483333333333333,0.4434525873778255,10,3,val
0.4326666666666666,0.4326666666666666,0.4326666666666666,0.4326666666666666,0.7020907822683584,0.4326666666666666,0.4309764650297005,10,3,test
0.8310416666666667,0.8310416666666667,0.8310416666666667,0.8310416666666667,0.8509123384893191,0.8310416666666669,0.8270474604199396,10,4,train
0.8083333333333333,0.8083333333333333,0.8083333333333333,0.8083333333333333,0.8225592256415848,0.8083333333333333,0.8045356787989796,10,4,val
0.818,0.818,0.818,0.818,0.8382822050218298,0.818,0.8139875732048288,10,4,test
0.466875,0.466875,0.466875,0.466875,0.4897110569065977,0.466875,0.4421938185560813,10,5,train
0.4508333333333333,0.4508333333333333,0.4508333333333333,0.4508333333333333,0.4840240013950914,0.4508333333333333,0.430242739487474,10,5,val
0.4566666666666666,0.4566666666666666,0.4566666666666666,0.4566666666666666,0.4714170281933209,0.4566666666666666,0.4289296380342327,10,5,test
0.894375,0.894375,0.894375,0.894375,0.8955224968776234,0.8943749999999999,0.893723865937756,11,1,train
0.8541666666666666,0.8541666666666666,0.8541666666666666,0.8541666666666666,0.8550591668094667,0.8541666666666666,0.8525093122256321,11,1,val
0.8686666666666667,0.8686666666666667,0.8686666666666667,0.8686666666666667,0.8703053147440635,0.8686666666666667,0.8681079575484864,11,1,test
0.7964583333333334,0.7964583333333334,0.7964583333333334,0.7964583333333334,0.8120473341164814,0.7964583333333334,0.796128506398856,11,2,train
0.805,0.805,0.805,0.805,0.8176880421564249,0.805,0.8031978653949767,11,2,val
0.788,0.788,0.788,0.788,0.8019315150850055,0.788,0.7874549571974722,11,2,test
0.8364583333333333,0.8364583333333333,0.8364583333333333,0.8364583333333333,0.8695580332532347,0.8364583333333334,0.8443727716007089,11,3,train
0.805,0.805,0.805,0.805,0.8430781638667023,0.805,0.8142909493920152,11,3,val
0.8173333333333334,0.8173333333333334,0.8173333333333334,0.8173333333333334,0.8557967887284661,0.8173333333333334,0.8258303309151669,11,3,test
0.79125,0.79125,0.79125,0.79125,0.8017879340334432,0.79125,0.7905078798304952,11,4,train
0.7616666666666667,0.7616666666666667,0.7616666666666667,0.7616666666666667,0.7747957406275181,0.7616666666666667,0.7583794847222809,11,4,val
0.7746666666666666,0.7746666666666666,0.7746666666666666,0.7746666666666666,0.7845597129395557,0.7746666666666666,0.7734982361045499,11,4,test
0.95875,0.95875,0.95875,0.95875,0.9608959660224392,0.95875,0.9586365050153968,11,5,train
0.925,0.925,0.925,0.925,0.9305611843175502,0.925,0.9247826353292146,11,5,val
0.9166666666666666,0.9166666666666666,0.9166666666666666,0.9166666666666666,0.9241327767167782,0.9166666666666669,0.9163150644485104,11,5,test
0.8910416666666666,0.8910416666666666,0.8910416666666666,0.8910416666666666,0.900945415035742,0.8910416666666666,0.8921991373824849,12,1,train
0.8675,0.8675,0.8675,0.8675,0.8794148131491608,0.8674999999999999,0.8701122011390214,12,1,val
0.8446666666666667,0.8446666666666667,0.8446666666666667,0.8446666666666667,0.8636693113540146,0.8446666666666667,0.8484757082501779,12,1,test
0.9147916666666668,0.9147916666666668,0.9147916666666668,0.9147916666666668,0.9181130524863405,0.9147916666666668,0.91448540640848,12,2,train
0.8816666666666667,0.8816666666666667,0.8816666666666667,0.8816666666666667,0.8862660646875042,0.8816666666666666,0.8806870158796766,12,2,val
0.9,0.9,0.9,0.9,0.9046159834453792,0.9,0.8996029943488539,12,2,test
0.6072916666666667,0.6072916666666667,0.6072916666666667,0.6072916666666667,0.6954574364028029,0.6072916666666667,0.5836629015377761,12,3,train
0.6025,0.6025,0.6025,0.6025,0.6993877825847513,0.6024999999999999,0.5780904880279414,12,3,val
0.5946666666666667,0.5946666666666667,0.5946666666666667,0.5946666666666667,0.6834212587488635,0.5946666666666667,0.5709122504767185,12,3,test
0.8208333333333333,0.8208333333333333,0.8208333333333333,0.8208333333333333,0.84680868102928,0.8208333333333332,0.8237200784465275,12,4,train
0.795,0.795,0.795,0.795,0.8254215882867395,0.7950000000000002,0.796629096146873,12,4,val
0.7953333333333333,0.7953333333333333,0.7953333333333333,0.7953333333333333,0.8238204365664688,0.7953333333333333,0.7987240897941371,12,4,test
0.7664583333333334,0.7664583333333334,0.7664583333333334,0.7664583333333334,0.7881003373876134,0.7664583333333332,0.7593752979394559,12,5,train
0.7183333333333334,0.7183333333333334,0.7183333333333334,0.7183333333333334,0.7446072457512989,0.7183333333333334,0.7112377709236657,12,5,val
0.752,0.752,0.752,0.752,0.7739641350051476,0.752,0.745813985180009,12,5,test
0.8858333333333334,0.8858333333333334,0.8858333333333334,0.8858333333333334,0.8962603559177079,0.8858333333333335,0.8835550964299579,13,1,train
0.8558333333333333,0.8558333333333333,0.8558333333333333,0.8558333333333333,0.8708621267678389,0.8558333333333333,0.8529764698400294,13,1,val
0.8493333333333334,0.8493333333333334,0.8493333333333334,0.8493333333333334,0.8657954973282196,0.8493333333333334,0.8460096203167916,13,1,test
0.825,0.825,0.825,0.825,0.8446378113257085,0.825,0.8192111367857023,13,2,train
0.7958333333333333,0.7958333333333333,0.7958333333333333,0.7958333333333333,0.8208279599626496,0.7958333333333333,0.7890075843242637,13,2,val
0.8113333333333334,0.8113333333333334,0.8113333333333334,0.8113333333333334,0.834616670479005,0.8113333333333334,0.8064159187448576,13,2,test
0.9002083333333334,0.9002083333333334,0.9002083333333334,0.9002083333333334,0.9072021596642664,0.9002083333333333,0.9007257167829548,13,3,train
0.88,0.88,0.88,0.88,0.8858573862133949,0.8800000000000001,0.8805961565213268,13,3,val
0.8706666666666667,0.8706666666666667,0.8706666666666667,0.8706666666666667,0.8800805195620945,0.8706666666666667,0.8714332661880235,13,3,test
0.9195833333333332,0.9195833333333332,0.9195833333333332,0.9195833333333332,0.9279840637932808,0.9195833333333332,0.92063624588153,13,4,train
0.8941666666666667,0.8941666666666667,0.8941666666666667,0.8941666666666667,0.9072783893641472,0.8941666666666667,0.8958490838289773,13,4,val
0.876,0.876,0.876,0.876,0.8913089795206875,0.876,0.8776601709055167,13,4,test
0.9479166666666666,0.9479166666666666,0.9479166666666666,0.9479166666666666,0.9482958159834064,0.9479166666666666,0.9477471466901536,13,5,train
0.9275,0.9275,0.9275,0.9275,0.9283043048669803,0.9275,0.9273496891725156,13,5,val
0.9206666666666666,0.9206666666666666,0.9206666666666666,0.9206666666666666,0.9218235464844564,0.9206666666666669,0.9203747193433068,13,5,test
0.77125,0.77125,0.77125,0.77125,0.8495550902953941,0.77125,0.7768517619230968,14,1,train
0.735,0.735,0.735,0.735,0.8222269089727063,0.7350000000000001,0.7356046515127591,14,1,val
0.7486666666666667,0.7486666666666667,0.7486666666666667,0.7486666666666667,0.8356261429724698,0.7486666666666666,0.754054340363244,14,1,test
0.8491666666666666,0.8491666666666666,0.8491666666666666,0.8491666666666666,0.8560552813087632,0.8491666666666667,0.8480332567433365,14,2,train
0.8233333333333334,0.8233333333333334,0.8233333333333334,0.8233333333333334,0.8356892354135758,0.8233333333333335,0.8223857446749243,14,2,val
0.8193333333333334,0.8193333333333334,0.8193333333333334,0.8193333333333334,0.8270155958365949,0.8193333333333334,0.8176972442895554,14,2,test
0.8622916666666667,0.8622916666666667,0.8622916666666667,0.8622916666666667,0.8684302665029897,0.8622916666666667,0.8616268653211897,14,3,train
0.8433333333333334,0.8433333333333334,0.8433333333333334,0.8433333333333334,0.8507361204353551,0.8433333333333334,0.8437313734584263,14,3,val
0.838,0.838,0.838,0.838,0.8485031001431762,0.8380000000000001,0.838077051754077,14,3,test
0.73125,0.73125,0.73125,0.73125,0.7661766362289393,0.73125,0.7275966295284668,14,4,train
0.7166666666666667,0.7166666666666667,0.7166666666666667,0.7166666666666667,0.7518244186930906,0.7166666666666666,0.7138719782446957,14,4,val
0.7333333333333333,0.7333333333333333,0.7333333333333333,0.7333333333333333,0.7648032836785039,0.7333333333333333,0.7317880680957491,14,4,test
0.93125,0.93125,0.93125,0.93125,0.9338710380633868,0.93125,0.9309271652673544,14,5,train
0.91,0.91,0.91,0.91,0.9145341806530748,0.91,0.9089111299593045,14,5,val
0.8993333333333333,0.8993333333333333,0.8993333333333333,0.8993333333333333,0.9035618378633375,0.8993333333333332,0.8986113005598202,14,5,test
0.7810416666666666,0.7810416666666666,0.7810416666666666,0.7810416666666666,0.863277103265451,0.7810416666666666,0.789550880195347,15,1,train
0.7683333333333333,0.7683333333333333,0.7683333333333333,0.7683333333333333,0.8504423372732888,0.7683333333333333,0.7752363298220308,15,1,val
0.7593333333333333,0.7593333333333333,0.7593333333333333,0.7593333333333333,0.842808084717289,0.7593333333333333,0.7658337546314364,15,1,test
0.898125,0.898125,0.898125,0.898125,0.9009868813533852,0.898125,0.8988982441131215,15,2,train
0.8675,0.8675,0.8675,0.8675,0.8740426523153009,0.8674999999999999,0.8690672998621729,15,2,val
0.8746666666666667,0.8746666666666667,0.8746666666666667,0.8746666666666667,0.8801955207679928,0.8746666666666666,0.8761994155937198,15,2,test
0.2060416666666666,0.2060416666666666,0.2060416666666666,0.2060416666666666,0.1819100124854208,0.2060416666666666,0.0788742009698729,15,3,train
0.2041666666666666,0.2041666666666666,0.2041666666666666,0.2041666666666666,0.3404040404040404,0.2041666666666666,0.0753382546968727,15,3,val
0.2066666666666666,0.2066666666666666,0.2066666666666666,0.2066666666666666,0.183288409703504,0.2066666666666667,0.0800034274942161,15,3,test
0.92875,0.92875,0.92875,0.92875,0.9306326855691524,0.92875,0.9288035271804732,15,4,train
0.8883333333333333,0.8883333333333333,0.8883333333333333,0.8883333333333333,0.8941689953365385,0.8883333333333333,0.8881392891007815,15,4,val
0.9006666666666666,0.9006666666666666,0.9006666666666666,0.9006666666666666,0.9074462774932904,0.9006666666666667,0.9014670360708588,15,4,test
0.8779166666666667,0.8779166666666667,0.8779166666666667,0.8779166666666667,0.8993358276940479,0.8779166666666667,0.8797372063255141,15,5,train
0.825,0.825,0.825,0.825,0.8607823179521026,0.825,0.8280201474529889,15,5,val
0.844,0.844,0.844,0.844,0.8745011301409299,0.844,0.8458865647082773,15,5,test
0.9272916666666666,0.9272916666666666,0.9272916666666666,0.9272916666666666,0.9332876910639728,0.9272916666666668,0.927159732696353,16,1,train
0.8866666666666667,0.8866666666666667,0.8866666666666667,0.8866666666666667,0.896128057955696,0.8866666666666667,0.8857696007878084,16,1,val
0.888,0.888,0.888,0.888,0.8947409585653233,0.8879999999999999,0.8866706994220086,16,1,test
0.7810416666666666,0.7810416666666666,0.7810416666666666,0.7810416666666666,0.8151645655456538,0.7810416666666666,0.7777552124486651,16,2,train
0.7591666666666667,0.7591666666666667,0.7591666666666667,0.7591666666666667,0.7923602095907326,0.7591666666666667,0.757471626636548,16,2,val
0.7313333333333333,0.7313333333333333,0.7313333333333333,0.7313333333333333,0.7828555438743743,0.7313333333333334,0.7294192012575522,16,2,test
0.9360416666666668,0.9360416666666668,0.9360416666666668,0.9360416666666668,0.9424566158855197,0.9360416666666664,0.9364953332805532,16,3,train
0.91,0.91,0.91,0.91,0.917262276262284,0.91,0.9099815930111204,16,3,val
0.9146666666666666,0.9146666666666666,0.9146666666666666,0.9146666666666666,0.9235451499395284,0.9146666666666666,0.9157058978957412,16,3,test
0.64625,0.64625,0.64625,0.64625,0.7561808435468078,0.64625,0.6314316816643041,16,4,train
0.6466666666666666,0.6466666666666666,0.6466666666666666,0.6466666666666666,0.7241940924554326,0.6466666666666667,0.6244894893088004,16,4,val
0.638,0.638,0.638,0.638,0.7574298743787575,0.638,0.6274177249259065,16,4,test
0.96125,0.96125,0.96125,0.96125,0.9625015690192822,0.96125,0.9612879012514028,16,5,train
0.9191666666666668,0.9191666666666668,0.9191666666666668,0.9191666666666668,0.9230304771948128,0.9191666666666668,0.9192115302735442,16,5,val
0.9306666666666666,0.9306666666666666,0.9306666666666666,0.9306666666666666,0.9344286874780195,0.9306666666666664,0.9307965499759538,16,5,test
0.964375,0.964375,0.964375,0.964375,0.965888875353722,0.964375,0.9644602731700622,17,1,train
0.9266666666666666,0.9266666666666666,0.9266666666666666,0.9266666666666666,0.9296394965167512,0.9266666666666664,0.9269238745953392,17,1,val
0.9306666666666666,0.9306666666666666,0.9306666666666666,0.9306666666666666,0.9346649847209384,0.9306666666666666,0.9311855388568332,17,1,test
0.9320833333333334,0.9320833333333334,0.9320833333333334,0.9320833333333334,0.9352267120877478,0.9320833333333332,0.9319520887631992,17,2,train
0.9116666666666666,0.9116666666666666,0.9116666666666666,0.9116666666666666,0.9155983803746668,0.9116666666666668,0.911363174223368,17,2,val
0.9046666666666666,0.9046666666666666,0.9046666666666666,0.9046666666666666,0.9101893456453476,0.9046666666666668,0.9041095964982376,17,2,test
0.765,0.765,0.765,0.765,0.8030758861100529,0.765,0.7614596615525613,17,3,train
0.7633333333333333,0.7633333333333333,0.7633333333333333,0.7633333333333333,0.8044619442968326,0.7633333333333333,0.75829791788135,17,3,val
0.7493333333333333,0.7493333333333333,0.7493333333333333,0.7493333333333333,0.7883955878702317,0.7493333333333334,0.7457617796621829,17,3,test
0.963125,0.963125,0.963125,0.963125,0.9639666749513524,0.963125,0.9631812368569828,17,4,train
0.925,0.925,0.925,0.925,0.9269874554672098,0.925,0.9254418175023018,17,4,val
0.9366666666666666,0.9366666666666666,0.9366666666666666,0.9366666666666666,0.9376611436448028,0.9366666666666668,0.9366087677077244,17,4,test
0.8947916666666667,0.8947916666666667,0.8947916666666667,0.8947916666666667,0.903034234037012,0.8947916666666668,0.8942400556562431,17,5,train
0.8741666666666666,0.8741666666666666,0.8741666666666666,0.8741666666666666,0.8831600820437202,0.8741666666666668,0.8729358078674568,17,5,val
0.868,0.868,0.868,0.868,0.8782958823140156,0.868,0.8668595106701874,17,5,test
0.7275,0.7275,0.7275,0.7275,0.7735794737530263,0.7275,0.7146261891691912,18,1,train
0.7075,0.7075,0.7075,0.7075,0.7583432752201203,0.7074999999999999,0.6917584468379289,18,1,val
0.7113333333333334,0.7113333333333334,0.7113333333333334,0.7113333333333334,0.7588882835489745,0.7113333333333334,0.7010428012781437,18,1,test
0.8479166666666667,0.8479166666666667,0.8479166666666667,0.8479166666666667,0.8498422168541901,0.8479166666666667,0.8447271966513142,18,2,train
0.8125,0.8125,0.8125,0.8125,0.8188781336191819,0.8125,0.8093595973370826,18,2,val
0.8193333333333334,0.8193333333333334,0.8193333333333334,0.8193333333333334,0.8229666764234957,0.8193333333333334,0.8135845694808289,18,2,test
0.9554166666666668,0.9554166666666668,0.9554166666666668,0.9554166666666668,0.9560348113772305,0.9554166666666666,0.9553056939751248,18,3,train
0.9316666666666666,0.9316666666666666,0.9316666666666666,0.9316666666666666,0.933339442016916,0.9316666666666666,0.9317423217680244,18,3,val
0.9126666666666666,0.9126666666666666,0.9126666666666666,0.9126666666666666,0.9140308335793982,0.9126666666666668,0.9121915524681364,18,3,test
0.87875,0.87875,0.87875,0.87875,0.8911358575325528,0.8787499999999999,0.8768317221517478,18,4,train
0.8633333333333333,0.8633333333333333,0.8633333333333333,0.8633333333333333,0.8750975436377532,0.8633333333333333,0.8615496115796939,18,4,val
0.8666666666666667,0.8666666666666667,0.8666666666666667,0.8666666666666667,0.8766466832055764,0.8666666666666666,0.8659928552283038,18,4,test
0.8272916666666666,0.8272916666666666,0.8272916666666666,0.8272916666666666,0.8687668943292006,0.8272916666666668,0.82990203510019,18,5,train
0.7775,0.7775,0.7775,0.7775,0.8252161979050674,0.7775000000000001,0.7803575752204442,18,5,val
0.7906666666666666,0.7906666666666666,0.7906666666666666,0.7906666666666666,0.8437369736265848,0.7906666666666666,0.7912886776131652,18,5,test
0.82375,0.82375,0.82375,0.82375,0.8542252415847251,0.8237500000000001,0.8197386565734475,19,1,train
0.7966666666666666,0.7966666666666666,0.7966666666666666,0.7966666666666666,0.8335687955301365,0.7966666666666666,0.7913846766105034,19,1,val
0.7993333333333333,0.7993333333333333,0.7993333333333333,0.7993333333333333,0.8397991724160299,0.7993333333333332,0.7931034980387788,19,1,test
0.6458333333333334,0.6458333333333334,0.6458333333333334,0.6458333333333334,0.7017739233478448,0.6458333333333333,0.626707469521371,19,2,train
0.6325,0.6325,0.6325,0.6325,0.6829491262374114,0.6325000000000001,0.6035948909144786,19,2,val
0.6166666666666667,0.6166666666666667,0.6166666666666667,0.6166666666666667,0.6781731477643447,0.6166666666666667,0.5981222253405768,19,2,test
0.9810416666666668,0.9810416666666668,0.9810416666666668,0.9810416666666668,0.9813283747276724,0.9810416666666668,0.9810676889083324,19,3,train
0.955,0.955,0.955,0.955,0.9554980776028495,0.955,0.9550236511797566,19,3,val
0.9493333333333334,0.9493333333333334,0.9493333333333334,0.9493333333333334,0.9507407932946816,0.9493333333333334,0.9492181021607616,19,3,test
0.884375,0.884375,0.884375,0.884375,0.8979579669039929,0.884375,0.8842037749210254,19,4,train
0.8433333333333334,0.8433333333333334,0.8433333333333334,0.8433333333333334,0.8630450852248448,0.8433333333333334,0.8436328134010129,19,4,val
0.8446666666666667,0.8446666666666667,0.8446666666666667,0.8446666666666667,0.865569398819637,0.8446666666666667,0.8431552747235875,19,4,test
0.8279166666666666,0.8279166666666666,0.8279166666666666,0.8279166666666666,0.83603824568712,0.8279166666666666,0.8247453999933269,19,5,train
0.7883333333333333,0.7883333333333333,0.7883333333333333,0.7883333333333333,0.800112222413032,0.7883333333333333,0.783438755799521,19,5,val
0.7813333333333333,0.7813333333333333,0.7813333333333333,0.7813333333333333,0.7941932830532048,0.7813333333333333,0.7766797598115998,19,5,test
0.9489583333333332,0.9489583333333332,0.9489583333333332,0.9489583333333332,0.9549514534734388,0.9489583333333332,0.9493626485345498,20,1,train
0.93,0.93,0.93,0.93,0.937858700844828,0.93,0.9305806573828752,20,1,val
0.8973333333333333,0.8973333333333333,0.8973333333333333,0.8973333333333333,0.912560528903174,0.8973333333333333,0.8979265350341988,20,1,test
0.8479166666666667,0.8479166666666667,0.8479166666666667,0.8479166666666667,0.8798981792742004,0.8479166666666667,0.8423103273564511,20,2,train
0.8358333333333333,0.8358333333333333,0.8358333333333333,0.8358333333333333,0.8686138627865979,0.8358333333333334,0.8261655008814571,20,2,val
0.8266666666666667,0.8266666666666667,0.8266666666666667,0.8266666666666667,0.8615825155156139,0.8266666666666668,0.8191877244881441,20,2,test
0.5635416666666667,0.5635416666666667,0.5635416666666667,0.5635416666666667,0.6011815944340744,0.5635416666666666,0.5533193757356247,20,3,train
0.5425,0.5425,0.5425,0.5425,0.5787754005061534,0.5425,0.5311924672646742,20,3,val
0.5453333333333333,0.5453333333333333,0.5453333333333333,0.5453333333333333,0.5816301260918444,0.5453333333333333,0.5345173652995461,20,3,test
0.835,0.835,0.835,0.835,0.867607847566779,0.8350000000000002,0.8258163512453498,20,4,train
0.7975,0.7975,0.7975,0.7975,0.8343174366354761,0.7975000000000001,0.7849667587088135,20,4,val
0.808,0.808,0.808,0.808,0.8394132783112799,0.808,0.79973957182518,20,4,test
0.9102083333333332,0.9102083333333332,0.9102083333333332,0.9102083333333332,0.9166801974971144,0.9102083333333332,0.9078550808638556,20,5,train
0.885,0.885,0.885,0.885,0.8917588265543286,0.8850000000000001,0.8826440402592135,20,5,val
0.8746666666666667,0.8746666666666667,0.8746666666666667,0.8746666666666667,0.8824475912928278,0.8746666666666666,0.8707158603789169,20,5,test
0.91625,0.91625,0.91625,0.91625,0.9278134547082498,0.91625,0.9172108557652148,21,1,train
0.8891666666666667,0.8891666666666667,0.8891666666666667,0.8891666666666667,0.903866684539264,0.8891666666666668,0.8903528766563922,21,1,val
0.8886666666666667,0.8886666666666667,0.8886666666666667,0.8886666666666667,0.9017571929340557,0.8886666666666667,0.8893814586285378,21,1,test
0.82875,0.82875,0.82875,0.82875,0.8392454352980735,0.82875,0.8309607241523157,21,2,train
0.8116666666666666,0.8116666666666666,0.8116666666666666,0.8116666666666666,0.8218119783514976,0.8116666666666668,0.8138520018208887,21,2,val
0.818,0.818,0.818,0.818,0.8262304268674885,0.818,0.8201991824102878,21,2,test
0.9595833333333332,0.9595833333333332,0.9595833333333332,0.9595833333333332,0.9626595135509936,0.9595833333333332,0.9599781469401149,21,3,train
0.9266666666666666,0.9266666666666666,0.9266666666666666,0.9266666666666666,0.9333911630343512,0.9266666666666667,0.927516915119278,21,3,val
0.9286666666666666,0.9286666666666666,0.9286666666666666,0.9286666666666666,0.9343764017414928,0.9286666666666668,0.9290973571959408,21,3,test
0.7189583333333334,0.7189583333333334,0.7189583333333334,0.7189583333333334,0.8304413553303132,0.7189583333333334,0.6917168736457527,21,4,train
0.7,0.7,0.7,0.7,0.8117259365052527,0.7,0.6760464935010645,21,4,val
0.6933333333333334,0.6933333333333334,0.6933333333333334,0.6933333333333334,0.817569595952732,0.6933333333333334,0.6713916404933962,21,4,test
0.95,0.95,0.95,0.95,0.952478444414224,0.95,0.9492540460222748,21,5,train
0.9058333333333334,0.9058333333333334,0.9058333333333334,0.9058333333333334,0.9132036191131594,0.9058333333333334,0.9048507819168512,21,5,val
0.904,0.904,0.904,0.904,0.910841556482952,0.904,0.9024947866241412,21,5,test
0.9422916666666666,0.9422916666666666,0.9422916666666666,0.9422916666666666,0.9428756184643052,0.9422916666666664,0.9423116005219756,22,1,train
0.9291666666666668,0.9291666666666668,0.9291666666666668,0.9291666666666668,0.9299433198380566,0.9291666666666666,0.929218105477686,22,1,val
0.9206666666666666,0.9206666666666666,0.9206666666666666,0.9206666666666666,0.9217838773807022,0.9206666666666669,0.9208767656533638,22,1,test
0.774375,0.774375,0.774375,0.774375,0.8252453131740678,0.774375,0.7693978013016898,22,2,train
0.7766666666666666,0.7766666666666666,0.7766666666666666,0.7766666666666666,0.8233290790484888,0.7766666666666666,0.7710030831398942,22,2,val
0.764,0.764,0.764,0.764,0.8172176277460172,0.764,0.7570323864948045,22,2,test
0.5891666666666666,0.5891666666666666,0.5891666666666666,0.5891666666666666,0.7313291253041962,0.5891666666666666,0.5723594900607655,22,3,train
0.5791666666666667,0.5791666666666667,0.5791666666666667,0.5791666666666667,0.7275343802321268,0.5791666666666667,0.5580723672988431,22,3,val
0.568,0.568,0.568,0.568,0.7330322139207436,0.568,0.5542268221138557,22,3,test
0.6997916666666667,0.6997916666666667,0.6997916666666667,0.6997916666666667,0.8145919340124742,0.6997916666666668,0.7116020965627264,22,4,train
0.6891666666666667,0.6891666666666667,0.6891666666666667,0.6891666666666667,0.8059210010056151,0.6891666666666667,0.6989306574837928,22,4,val
0.6906666666666667,0.6906666666666667,0.6906666666666667,0.6906666666666667,0.8033074046388403,0.6906666666666668,0.700990864740373,22,4,test
0.7320833333333333,0.7320833333333333,0.7320833333333333,0.7320833333333333,0.7473154270376335,0.7320833333333333,0.7268312353626337,22,5,train
0.7283333333333334,0.7283333333333334,0.7283333333333334,0.7283333333333334,0.7408934370023335,0.7283333333333334,0.7242369810486359,22,5,val
0.7233333333333334,0.7233333333333334,0.7233333333333334,0.7233333333333334,0.7402189690175585,0.7233333333333334,0.718638607928207,22,5,test
0.9141666666666668,0.9141666666666668,0.9141666666666668,0.9141666666666668,0.9265609319526206,0.9141666666666666,0.9159522365847852,23,1,train
0.8891666666666667,0.8891666666666667,0.8891666666666667,0.8891666666666667,0.9044459793301508,0.8891666666666668,0.890841168367438,23,1,val
0.8786666666666667,0.8786666666666667,0.8786666666666667,0.8786666666666667,0.8954390422981022,0.8786666666666667,0.8795493114734423,23,1,test
0.94125,0.94125,0.94125,0.94125,0.9427142990857528,0.94125,0.9411425652754358,23,2,train
0.9216666666666666,0.9216666666666666,0.9216666666666666,0.9216666666666666,0.9251434830543734,0.9216666666666667,0.9214758041918332,23,2,val
0.9113333333333332,0.9113333333333332,0.9113333333333332,0.9113333333333332,0.915107578045916,0.9113333333333332,0.9107379754463032,23,2,test
0.93125,0.93125,0.93125,0.93125,0.9396267788648378,0.93125,0.930564574698788,23,3,train
0.8983333333333333,0.8983333333333333,0.8983333333333333,0.8983333333333333,0.9115511065517264,0.8983333333333332,0.898291729491287,23,3,val
0.892,0.892,0.892,0.892,0.907061960642705,0.892,0.8920160058002482,23,3,test
0.7010416666666667,0.7010416666666667,0.7010416666666667,0.7010416666666667,0.7394606983551917,0.7010416666666667,0.6968935442893428,23,4,train
0.6808333333333333,0.6808333333333333,0.6808333333333333,0.6808333333333333,0.7172842554758538,0.6808333333333334,0.6761754613009456,23,4,val
0.6786666666666666,0.6786666666666666,0.6786666666666666,0.6786666666666666,0.7238206968211189,0.6786666666666668,0.6736067588757925,23,4,test
0.8395833333333333,0.8395833333333333,0.8395833333333333,0.8395833333333333,0.8584210038190401,0.8395833333333333,0.8383494317623779,23,5,train
0.8175,0.8175,0.8175,0.8175,0.8360153153493766,0.8175000000000001,0.8165178255103628,23,5,val
0.824,0.824,0.824,0.824,0.8363846625363495,0.8240000000000001,0.8220322377688088,23,5,test
0.9166666666666666,0.9166666666666666,0.9166666666666666,0.9166666666666666,0.917877408593502,0.9166666666666666,0.9160786567857396,24,1,train
0.8725,0.8725,0.8725,0.8725,0.8728694605768867,0.8725000000000002,0.8709986712455337,24,1,val
0.8586666666666667,0.8586666666666667,0.8586666666666667,0.8586666666666667,0.8613586025304384,0.8586666666666666,0.8572861974327834,24,1,test
0.9570833333333332,0.9570833333333332,0.9570833333333332,0.9570833333333332,0.958480976940117,0.9570833333333336,0.9567634265811712,24,2,train
0.9125,0.9125,0.9125,0.9125,0.9166560730090332,0.9125,0.9119745061674313,24,2,val
0.9133333333333332,0.9133333333333332,0.9133333333333332,0.9133333333333332,0.9173606094182172,0.9133333333333332,0.9127785774760632,24,2,test
0.8585416666666666,0.8585416666666666,0.8585416666666666,0.8585416666666666,0.8623682475559123,0.8585416666666668,0.8574531889841717,24,3,train
0.85,0.85,0.85,0.85,0.8521048055810686,0.85,0.8491988631251809,24,3,val
0.8266666666666667,0.8266666666666667,0.8266666666666667,0.8266666666666667,0.83107014515216,0.8266666666666665,0.8248373367008078,24,3,test
0.8597916666666666,0.8597916666666666,0.8597916666666666,0.8597916666666666,0.8804473430255444,0.8597916666666666,0.8410345443800564,24,4,train
0.8433333333333334,0.8433333333333334,0.8433333333333334,0.8433333333333334,0.8682475113776276,0.8433333333333334,0.823681412395944,24,4,val
0.816,0.816,0.816,0.816,0.8471100975391774,0.8160000000000001,0.790532135721563,24,4,test
0.9552083333333332,0.9552083333333332,0.9552083333333332,0.9552083333333332,0.9584432697299508,0.9552083333333332,0.955596052278344,24,5,train
0.9183333333333332,0.9183333333333332,0.9183333333333332,0.9183333333333332,0.923578882238264,0.9183333333333332,0.9187389039137857,24,5,val
0.918,0.918,0.918,0.918,0.924187060049902,0.918,0.9183675949694354,24,5,test
0.2266666666666666,0.2266666666666666,0.2266666666666666,0.2266666666666666,0.4993972187301353,0.2266666666666666,0.2347760256267009,25,1,train
0.2075,0.2075,0.2075,0.2075,0.4586975990999196,0.2075,0.2139829171688615,25,1,val
0.2173333333333333,0.2173333333333333,0.2173333333333333,0.2173333333333333,0.4514387501144056,0.2173333333333333,0.2179127647604915,25,1,test
0.8397916666666667,0.8397916666666667,0.8397916666666667,0.8397916666666667,0.848070847524054,0.8397916666666667,0.8356252454527292,25,2,train
0.8166666666666667,0.8166666666666667,0.8166666666666667,0.8166666666666667,0.827514677460526,0.8166666666666667,0.8126440922463125,25,2,val
0.826,0.826,0.826,0.826,0.8373218402456553,0.826,0.821206059293,25,2,test
0.9616666666666668,0.9616666666666668,0.9616666666666668,0.9616666666666668,0.9635753844168298,0.9616666666666668,0.9614720524070458,25,3,train
0.9341666666666668,0.9341666666666668,0.9341666666666668,0.9341666666666668,0.9370168278252706,0.9341666666666668,0.9338288092936938,25,3,val
0.936,0.936,0.936,0.936,0.9404378384258064,0.936,0.9357284040355556,25,3,test
0.3166666666666666,0.3166666666666666,0.3166666666666666,0.3166666666666666,0.3358906302935724,0.3166666666666667,0.2761842047321764,25,4,train
0.3225,0.3225,0.3225,0.3225,0.3387730860423036,0.3225,0.2834774259067522,25,4,val
0.3046666666666666,0.3046666666666666,0.3046666666666666,0.3046666666666666,0.3292601103876222,0.3046666666666667,0.2676562125233782,25,4,test
0.8997916666666667,0.8997916666666667,0.8997916666666667,0.8997916666666667,0.915975231577586,0.8997916666666667,0.9006277779943952,25,5,train
0.865,0.865,0.865,0.865,0.8840016910387221,0.8649999999999999,0.8657780034151804,25,5,val
0.8646666666666667,0.8646666666666667,0.8646666666666667,0.8646666666666667,0.8876282152387776,0.8646666666666668,0.8647240365836935,25,5,test
0.6935416666666666,0.6935416666666666,0.6935416666666666,0.6935416666666666,0.792479901473462,0.6935416666666667,0.6958315135391917,26,1,train
0.6358333333333334,0.6358333333333334,0.6358333333333334,0.6358333333333334,0.7519402632725193,0.6358333333333334,0.637643573078028,26,1,val
0.68,0.68,0.68,0.68,0.7776843174620114,0.6799999999999999,0.6784864170128204,26,1,test
0.5754166666666667,0.5754166666666667,0.5754166666666667,0.5754166666666667,0.6985424872160159,0.5754166666666667,0.5318074704235047,26,2,train
0.5666666666666667,0.5666666666666667,0.5666666666666667,0.5666666666666667,0.6865006549305971,0.5666666666666667,0.5197263956277243,26,2,val
0.56,0.56,0.56,0.56,0.6649328748992083,0.5599999999999999,0.5131373150015506,26,2,test
0.9066666666666666,0.9066666666666666,0.9066666666666666,0.9066666666666666,0.910508765645168,0.9066666666666666,0.9054601679000438,26,3,train
0.875,0.875,0.875,0.875,0.8781669448505787,0.875,0.8717043350168933,26,3,val
0.886,0.886,0.886,0.886,0.8910620073187386,0.8859999999999999,0.8845688366705049,26,3,test
0.9554166666666668,0.9554166666666668,0.9554166666666668,0.9554166666666668,0.9570408922033103,0.9554166666666668,0.955443229948844,26,4,train
0.9258333333333332,0.9258333333333332,0.9258333333333332,0.9258333333333332,0.9292062271868288,0.9258333333333336,0.925614630517172,26,4,val
0.9313333333333332,0.9313333333333332,0.9313333333333332,0.9313333333333332,0.9360012650255553,0.9313333333333336,0.931253212074958,26,4,test
0.9514583333333332,0.9514583333333332,0.9514583333333332,0.9514583333333332,0.9525683351801388,0.9514583333333332,0.9515122756952455,26,5,train
0.9225,0.9225,0.9225,0.9225,0.925202889927313,0.9225,0.92279885817009,26,5,val
0.9293333333333332,0.9293333333333332,0.9293333333333332,0.9293333333333332,0.9317050949471636,0.9293333333333332,0.929545185832022,26,5,test
0.5402083333333333,0.5402083333333333,0.5402083333333333,0.5402083333333333,0.5842609136137376,0.5402083333333334,0.5191891016793553,27,1,train
0.5125,0.5125,0.5125,0.5125,0.5534743904008704,0.5125,0.4882833207327325,27,1,val
0.5013333333333333,0.5013333333333333,0.5013333333333333,0.5013333333333333,0.5408435859855181,0.5013333333333334,0.4810088918386975,27,1,test
0.9316666666666666,0.9316666666666666,0.9316666666666666,0.9316666666666666,0.9393947794660938,0.9316666666666668,0.9325841764084808,27,2,train
0.8916666666666667,0.8916666666666667,0.8916666666666667,0.8916666666666667,0.9077396786232969,0.8916666666666666,0.8922620036995758,27,2,val
0.8913333333333333,0.8913333333333333,0.8913333333333333,0.8913333333333333,0.9067707179384328,0.8913333333333334,0.8925299218589821,27,2,test
0.6125,0.6125,0.6125,0.6125,0.670426939898639,0.6125,0.6170934921947177,27,3,train
0.5883333333333334,0.5883333333333334,0.5883333333333334,0.5883333333333334,0.6477363882823791,0.5883333333333333,0.5934163045343788,27,3,val
0.5793333333333334,0.5793333333333334,0.5793333333333334,0.5793333333333334,0.6441916519069711,0.5793333333333333,0.5813978461068364,27,3,test
0.8358333333333333,0.8358333333333333,0.8358333333333333,0.8358333333333333,0.8746496141127075,0.8358333333333332,0.8390810774530404,27,4,train
0.8016666666666666,0.8016666666666666,0.8016666666666666,0.8016666666666666,0.8450700926399977,0.8016666666666665,0.805299730907398,27,4,val
0.8106666666666666,0.8106666666666666,0.8106666666666666,0.8106666666666666,0.8533426835640976,0.8106666666666665,0.8147996243775681,27,4,test
0.9397916666666668,0.9397916666666668,0.9397916666666668,0.9397916666666668,0.9420748068423428,0.9397916666666668,0.938866096659989,27,5,train
0.9125,0.9125,0.9125,0.9125,0.9151191567019716,0.9125,0.9117857678804128,27,5,val
0.9106666666666666,0.9106666666666666,0.9106666666666666,0.9106666666666666,0.9146909271539084,0.9106666666666664,0.9100400611870392,27,5,test
0.9554166666666668,0.9554166666666668,0.9554166666666668,0.9554166666666668,0.9585589885578918,0.9554166666666668,0.9556845627185072,28,1,train
0.9233333333333332,0.9233333333333332,0.9233333333333332,0.9233333333333332,0.9280838027802896,0.9233333333333332,0.9236428052356828,28,1,val
0.9166666666666666,0.9166666666666666,0.9166666666666666,0.9166666666666666,0.9253843501936052,0.9166666666666666,0.9173976027353976,28,1,test
0.82375,0.82375,0.82375,0.82375,0.8508900981569021,0.8237500000000001,0.8264352095541921,28,2,train
0.7725,0.7725,0.7725,0.7725,0.8121915936863848,0.7725,0.7743371713659719,28,2,val
0.792,0.792,0.792,0.792,0.828650531324033,0.792,0.7950690313125979,28,2,test
0.8772916666666667,0.8772916666666667,0.8772916666666667,0.8772916666666667,0.8996796839700474,0.8772916666666667,0.8745531338974055,28,3,train
0.8341666666666666,0.8341666666666666,0.8341666666666666,0.8341666666666666,0.8592834714369353,0.8341666666666667,0.8310278083127779,28,3,val
0.824,0.824,0.824,0.824,0.8589337739494842,0.8240000000000001,0.8203660614699746,28,3,test
0.8920833333333333,0.8920833333333333,0.8920833333333333,0.8920833333333333,0.9008367370651652,0.8920833333333335,0.8879170909680358,28,4,train
0.8675,0.8675,0.8675,0.8675,0.8784284147752206,0.8674999999999999,0.8628858513108563,28,4,val
0.8626666666666667,0.8626666666666667,0.8626666666666667,0.8626666666666667,0.8709667528164582,0.8626666666666667,0.8595683065946028,28,4,test
0.95,0.95,0.95,0.95,0.9526080919580664,0.95,0.9498632721512504,28,5,train
0.9241666666666668,0.9241666666666668,0.9241666666666668,0.9241666666666668,0.9276030026311868,0.9241666666666668,0.9237102509935752,28,5,val
0.92,0.92,0.92,0.92,0.9235210116530188,0.92,0.9194733545569342,28,5,test
0.9241666666666668,0.9241666666666668,0.9241666666666668,0.9241666666666668,0.929846047323335,0.9241666666666668,0.9238442156315456,29,1,train
0.8925,0.8925,0.8925,0.8925,0.90287435493156,0.8924999999999998,0.8916887168932425,29,1,val
0.908,0.908,0.908,0.908,0.913681264983573,0.908,0.907624180315467,29,1,test
0.9572916666666668,0.9572916666666668,0.9572916666666668,0.9572916666666668,0.9580678315550616,0.9572916666666668,0.9574163132733904,29,2,train
0.9433333333333334,0.9433333333333334,0.9433333333333334,0.9433333333333334,0.9444867891992844,0.9433333333333334,0.9433535449004458,29,2,val
0.934,0.934,0.934,0.934,0.9363509543728046,0.934,0.9340992710816838,29,2,test
0.9216666666666666,0.9216666666666666,0.9216666666666666,0.9216666666666666,0.927073722237618,0.9216666666666666,0.921215185096339,29,3,train
0.9025,0.9025,0.9025,0.9025,0.9105151116878712,0.9025,0.9015549777189292,29,3,val
0.8906666666666667,0.8906666666666667,0.8906666666666667,0.8906666666666667,0.8993720752519812,0.8906666666666666,0.8888090006848733,29,3,test
0.7547916666666666,0.7547916666666666,0.7547916666666666,0.7547916666666666,0.8042516851601395,0.7547916666666667,0.7445195680478907,29,4,train
0.7441666666666666,0.7441666666666666,0.7441666666666666,0.7441666666666666,0.7943595274246775,0.7441666666666666,0.7350178006831387,29,4,val
0.7306666666666667,0.7306666666666667,0.7306666666666667,0.7306666666666667,0.784889802802897,0.7306666666666667,0.7171712179429843,29,4,test
0.9222916666666666,0.9222916666666666,0.9222916666666666,0.9222916666666666,0.9362026323364075,0.9222916666666666,0.9233286481408806,29,5,train
0.9008333333333334,0.9008333333333334,0.9008333333333334,0.9008333333333334,0.917653977109924,0.9008333333333332,0.9022406829047748,29,5,val
0.8826666666666667,0.8826666666666667,0.8826666666666667,0.8826666666666667,0.9055303600676388,0.8826666666666668,0.8842492255643805,29,5,test
0.8747916666666666,0.8747916666666666,0.8747916666666666,0.8747916666666666,0.8820121322120258,0.8747916666666665,0.8754564661604016,30,1,train
0.8416666666666667,0.8416666666666667,0.8416666666666667,0.8416666666666667,0.8500216788897863,0.8416666666666666,0.8426221982620758,30,1,val
0.8413333333333334,0.8413333333333334,0.8413333333333334,0.8413333333333334,0.8523368652292819,0.8413333333333334,0.8430970064098346,30,1,test
0.9170833333333334,0.9170833333333334,0.9170833333333334,0.9170833333333334,0.9172747129169408,0.9170833333333336,0.9162735378928986,30,2,train
0.8833333333333333,0.8833333333333333,0.8833333333333333,0.8833333333333333,0.8850299378607758,0.8833333333333334,0.8821842938825133,30,2,val
0.886,0.886,0.886,0.886,0.8901295499051258,0.8859999999999999,0.8847423309441123,30,2,test
0.8804166666666666,0.8804166666666666,0.8804166666666666,0.8804166666666666,0.8983313352296554,0.8804166666666667,0.880681314960837,30,3,train
0.86,0.86,0.86,0.86,0.8811351957387592,0.86,0.8609044350850507,30,3,val
0.8453333333333334,0.8453333333333334,0.8453333333333334,0.8453333333333334,0.8740456790475459,0.8453333333333333,0.8467391052920485,30,3,test
0.9289583333333332,0.9289583333333332,0.9289583333333332,0.9289583333333332,0.9302850836253868,0.9289583333333332,0.9287262779923028,30,4,train
0.8808333333333334,0.8808333333333334,0.8808333333333334,0.8808333333333334,0.8827800239967317,0.8808333333333334,0.8806718598865059,30,4,val
0.9093333333333332,0.9093333333333332,0.9093333333333332,0.9093333333333332,0.9099539139915144,0.9093333333333332,0.9093035183285424,30,4,test
0.9227083333333334,0.9227083333333334,0.9227083333333334,0.9227083333333334,0.9268161453918956,0.9227083333333332,0.9228158443802392,30,5,train
0.8891666666666667,0.8891666666666667,0.8891666666666667,0.8891666666666667,0.8952946876494747,0.8891666666666668,0.8896443827501275,30,5,val
0.8973333333333333,0.8973333333333333,0.8973333333333333,0.8973333333333333,0.9034389262326294,0.8973333333333333,0.89774288612379,30,5,test
0.9516666666666668,0.9516666666666668,0.9516666666666668,0.9516666666666668,0.9535366162390516,0.9516666666666664,0.9511935229139782,31,1,train
0.9191666666666668,0.9191666666666668,0.9191666666666668,0.9191666666666668,0.9225824534193632,0.9191666666666668,0.918332555698394,31,1,val
0.9246666666666666,0.9246666666666666,0.9246666666666666,0.9246666666666666,0.9271941408183098,0.9246666666666666,0.9240568064116312,31,1,test
0.9372916666666666,0.9372916666666666,0.9372916666666666,0.9372916666666666,0.9415913476705716,0.9372916666666666,0.9371731058513884,31,2,train
0.8975,0.8975,0.8975,0.8975,0.9063490388813196,0.8975,0.8967777889980979,31,2,val
0.9073333333333332,0.9073333333333332,0.9073333333333332,0.9073333333333332,0.9157681533132772,0.9073333333333334,0.9067174096116138,31,2,test
0.3745833333333333,0.3745833333333333,0.3745833333333333,0.3745833333333333,0.5692473609658235,0.3745833333333333,0.3405221259503134,31,3,train
0.3508333333333333,0.3508333333333333,0.3508333333333333,0.3508333333333333,0.5465230546196491,0.3508333333333333,0.3089311573527369,31,3,val
0.3686666666666666,0.3686666666666666,0.3686666666666666,0.3686666666666666,0.5718943334800213,0.3686666666666666,0.3303611043527575,31,3,test
0.7814583333333334,0.7814583333333334,0.7814583333333334,0.7814583333333334,0.8370650573401026,0.7814583333333334,0.7752732180965874,31,4,train
0.7825,0.7825,0.7825,0.7825,0.8391672000547572,0.7825,0.7766565236741024,31,4,val
0.7546666666666667,0.7546666666666667,0.7546666666666667,0.7546666666666667,0.8174996055738024,0.7546666666666667,0.7436818721008956,31,4,test
0.8933333333333333,0.8933333333333333,0.8933333333333333,0.8933333333333333,0.9054348891973124,0.8933333333333333,0.890648760787063,31,5,train
0.8675,0.8675,0.8675,0.8675,0.8811925870829358,0.8674999999999999,0.8647522267071549,31,5,val
0.8833333333333333,0.8833333333333333,0.8833333333333333,0.8833333333333333,0.896124130734297,0.8833333333333334,0.8810449262482212,31,5,test
